"process_description","trace_id"
"Billing_Process_of_an_Internet_Service_Provider_(ISP)","07615e75-6b62-4791-bf54-c883f538f35e"
"Billing_Process_of_an_Internet_Service_Provider_(ISP)","2b34bf6c-22c5-4b71-9d84-ba794da34d1d"
"Billing_Process_of_an_Internet_Service_Provider_(ISP)","8c71970f-8664-436f-833c-37565099a61b"
"Billing_Process_of_an_Internet_Service_Provider_(ISP)","c9d4cb45-0f6f-4f9e-9213-b4b0557b8433"
"Billing_Process_of_an_Internet_Service_Provider_(ISP)","bd224b43-e0d5-4c1e-a501-f9c34f03adda"
"Billing_Process_of_an_Internet_Service_Provider_(ISP)","a42af5a9-30d5-4f1e-b03d-6723bd60a81f"
"Billing_Process_of_an_Internet_Service_Provider_(ISP)","b7398ad3-4999-49c1-a1d6-a724e87a1e97"
"Billing_Process_of_an_Internet_Service_Provider_(ISP)","055cdf0d-773d-4291-816b-fa35c4c22efd"
"Billing_Process_of_an_Internet_Service_Provider_(ISP)","a41a1417-49c4-470c-83e1-acba676079bf"
"Billing_Process_of_an_Internet_Service_Provider_(ISP)","32987fa5-8f2a-40c6-baa5-558dd46b7f9b"
"Billing_Process_of_an_Internet_Service_Provider_(ISP)","a84847d9-1044-424f-9fcd-68cb1cf56393"
"Billing_Process_of_an_Internet_Service_Provider_(ISP)","407e3f60-f6f9-42e7-b1af-1fca570ab989"
"Billing_Process_of_an_Internet_Service_Provider_(ISP)","b9f84284-88f0-4a0d-ac52-ac161b6f95e8"
"Billing_Process_of_an_Internet_Service_Provider_(ISP)","eb38e006-274c-4844-857d-d80279a0df50"
"Billing_Process_of_an_Internet_Service_Provider_(ISP)","4c58613e-a31c-4781-8de4-bec957167144"
"Billing_Process_of_an_Internet_Service_Provider_(ISP)","7e36d8e5-0822-495b-90e1-cc2da7d15743"
"Billing_Process_of_an_Internet_Service_Provider_(ISP)","7b77cd9e-8a65-4a9d-9d00-ace719740379"
"Billing_Process_of_an_Internet_Service_Provider_(ISP)","d59b4557-ff91-47d1-be7d-52f81fccf6d9"
"Billing_Process_of_an_Internet_Service_Provider_(ISP)","b5ce93e9-f340-4844-bf5e-402a4c96519a"
"Billing_Process_of_an_Internet_Service_Provider_(ISP)","d5896823-5158-4335-b549-be4d19ade8c7"
"Billing_Process_of_an_Internet_Service_Provider_(ISP)","2403ae73-8609-4c58-a569-690a4288b513"
"Billing_Process_of_an_Internet_Service_Provider_(ISP)","24eb74b1-b0bd-40e1-87ef-1a923b3ffc55"
"Billing_Process_of_an_Internet_Service_Provider_(ISP)","4ef5eae9-1ef7-4709-b5bf-ecdcdba585f9"
"Billing_Process_of_an_Internet_Service_Provider_(ISP)","5ab7a78e-023c-46f6-bc11-1ae0b1492c99"
"Billing_Process_of_an_Internet_Service_Provider_(ISP)","a4a12556-e4cb-4fcb-8eaf-30dff6332340"
"Billing_Process_of_an_Internet_Service_Provider_(ISP)","24100b9d-66b3-49a9-999d-336284ab6e4c"
"Billing_Process_of_an_Internet_Service_Provider_(ISP)","a4705bc4-8813-4714-8cfe-b6d20820e220"
"Billing_Process_of_an_Internet_Service_Provider_(ISP)","52797210-fb01-485a-bf58-57377e9d3965"
"Billing_Process_of_an_Internet_Service_Provider_(ISP)","5105c4ce-d5ab-4a07-a3d0-0163285646c4"
"Billing_Process_of_an_Internet_Service_Provider_(ISP)","896d3259-0b2f-493b-84be-d666e65d48d9"
"Billing_Process_of_an_Internet_Service_Provider_(ISP)","a9de0bbc-6491-49a6-8909-d01f77adafef"
"Billing_Process_of_an_Internet_Service_Provider_(ISP)","93d5abc6-539c-4d58-9641-d2e547b0608e"
"Billing_Process_of_an_Internet_Service_Provider_(ISP)","c7da23ff-2a07-44b0-975d-78899ed2a4a1"
"Billing_Process_of_an_Internet_Service_Provider_(ISP)","56c22133-95a6-4663-b672-cfd4593be91c"
"Billing_Process_of_an_Internet_Service_Provider_(ISP)","adc475d6-a49d-48a3-b76e-13845cd6a05a"
"Billing_Process_of_an_Internet_Service_Provider_(ISP)","721d04c3-9671-434a-828a-91cb19f667ff"
"Billing_Process_of_an_Internet_Service_Provider_(ISP)","3af34e3f-74ce-4610-9220-2a674aab2e1b"
"Billing_Process_of_an_Internet_Service_Provider_(ISP)","35b7c597-260a-4032-86cd-01994daa5c79"
"Billing_Process_of_an_Internet_Service_Provider_(ISP)","8525b962-5312-43ab-ba5f-0206fab8b67b"
"Billing_Process_of_an_Internet_Service_Provider_(ISP)","49d5983e-eb51-4796-b080-7c4de5b94877"
"Billing_Process_of_an_Internet_Service_Provider_(ISP)","287155a9-c893-467c-9a0d-78839977c9c4"
"Billing_Process_of_an_Internet_Service_Provider_(ISP)","68449cb1-aa1e-4b7a-b139-56698334d461"
"Billing_Process_of_an_Internet_Service_Provider_(ISP)","c09d70a0-330f-4435-b388-08ff03dbdc23"
"Billing_Process_of_an_Internet_Service_Provider_(ISP)","fafcb071-21d1-4b66-8943-ca01117d32fc"
"Billing_Process_of_an_Internet_Service_Provider_(ISP)","0e492f01-52bf-43db-a0e1-cd856717c7e3"
"Billing_Process_of_an_Internet_Service_Provider_(ISP)","60a7caed-25df-46ce-bedb-32625522641a"
"Billing_Process_of_an_Internet_Service_Provider_(ISP)","44c1100c-86d1-4d27-a968-b1dc5a94bb67"
"Billing_Process_of_an_Internet_Service_Provider_(ISP)","1ed770da-4baa-4f06-a945-a9b06474ce3c"
"Billing_Process_of_an_Internet_Service_Provider_(ISP)","450836f8-7450-4119-a24c-6d9e1f20cc55"
"Billing_Process_of_an_Internet_Service_Provider_(ISP)","8a5a4a61-0385-45be-9edc-5cff2ec41ab3"
"Steps_to_follow_after_receiving_Expense_Report","c08e2ea7-b76f-47b5-94a3-3b683df71a56"
"Steps_to_follow_after_receiving_Expense_Report","325b3aee-a444-477b-8999-e0e05bd397b8"
"Steps_to_follow_after_receiving_Expense_Report","8dc88734-e3fb-4774-bc71-1783dac4c6ff"
"Steps_to_follow_after_receiving_Expense_Report","af1c4d20-8232-4141-9cc7-9a76eb3a8af2"
"Steps_to_follow_after_receiving_Expense_Report","36183d0f-5ca3-4cee-bc70-0bcd030fc903"
"Steps_to_follow_after_receiving_Expense_Report","48b2d71e-d46b-498c-949d-88ff6fc591fd"
"Steps_to_follow_after_receiving_Expense_Report","c1800b53-cfde-4036-9501-883481df822a"
"Steps_to_follow_after_receiving_Expense_Report","11d500b9-127f-4eb3-973c-85fef5695f74"
"Steps_to_follow_after_receiving_Expense_Report","8e479ebe-c30c-45c7-b72f-9feb8d550452"
"Steps_to_follow_after_receiving_Expense_Report","e852f7a2-a138-439d-82c0-a132d653ffe5"
"Steps_to_follow_after_receiving_Expense_Report","e7ebafb5-53d7-4023-96d7-07282a4f3a65"
"Steps_to_follow_after_receiving_Expense_Report","0a4f734b-40d8-4668-aeb6-4432bd47ca23"
"Steps_to_follow_after_receiving_Expense_Report","9a978733-d75d-4b33-9b6b-b902def6a008"
"Steps_to_follow_after_receiving_Expense_Report","d32fbd6d-19b5-4a77-917c-983ed3d1524f"
"Steps_to_follow_after_receiving_Expense_Report","f3b46903-5bca-4429-8121-44ffbd224eb8"
"Steps_to_follow_after_receiving_Expense_Report","79a0aa14-6af2-447a-9b09-25370b2d0259"
"Steps_to_follow_after_receiving_Expense_Report","39eabbfe-5fa1-4fb1-96d1-1bdf1500327a"
"Steps_to_follow_after_receiving_Expense_Report","8b57aa19-ec08-4bd0-b997-05f3821a9bb6"
"Steps_to_follow_after_receiving_Expense_Report","19e97638-af7f-498c-a55e-ed558427b940"
"Steps_to_follow_after_receiving_Expense_Report","be61f83d-2ffc-4e0f-badd-d8d93155c18a"
"Steps_to_follow_after_receiving_Expense_Report","c6497112-31c4-4db0-a426-a7382f35a00e"
"Steps_to_follow_after_receiving_Expense_Report","300f84de-21ef-4916-98b5-bff583b9f855"
"Steps_to_follow_after_receiving_Expense_Report","10db019e-7c9d-49e6-a3b5-32cdb961b93f"
"Steps_to_follow_after_receiving_Expense_Report","a168271a-7ecf-4d04-9f1a-82097896e26e"
"Steps_to_follow_after_receiving_Expense_Report","912b6c27-028b-4837-bea3-9b124bd60cfb"
"Steps_to_follow_after_receiving_Expense_Report","7852e702-e6fc-4476-8e4f-9145a65d8472"
"Steps_to_follow_after_receiving_Expense_Report","76456ab4-d909-4e9f-8908-81da35eadccf"
"Steps_to_follow_after_receiving_Expense_Report","3fd4d871-c67e-4407-a165-f1d59ea8d96a"
"Steps_to_follow_after_receiving_Expense_Report","ffba7d46-6430-4bfd-bf49-8d338ac5caae"
"Steps_to_follow_after_receiving_Expense_Report","a1e31e44-e4a6-47d2-94e4-f7bdb6219efb"
"Steps_to_follow_after_receiving_Expense_Report","4c59131d-50d4-4be5-8d8c-eda3e35a00bd"
"Steps_to_follow_after_receiving_Expense_Report","65764d34-dbbc-4c3f-ab93-1eac827a6a0b"
"Steps_to_follow_after_receiving_Expense_Report","108f11ca-6470-427d-acbd-2c06cee64e53"
"Steps_to_follow_after_receiving_Expense_Report","3e6b2e85-5b85-446f-8fdf-b2769b901a1f"
"Steps_to_follow_after_receiving_Expense_Report","e866bdcb-7b01-43a0-a595-4ddc8669582f"
"Steps_to_follow_after_receiving_Expense_Report","5d8fcd2c-1b49-4921-9b8d-6e4feec5d807"
"Steps_to_follow_after_receiving_Expense_Report","958aff1a-96de-4a96-81a3-bba97d5a2883"
"Steps_to_follow_after_receiving_Expense_Report","2ffc6d77-963e-4a0c-8df0-7ed01fbd1e16"
"Steps_to_follow_after_receiving_Expense_Report","5a08cf8f-1c06-47d8-ba69-7d54962323ae"
"Steps_to_follow_after_receiving_Expense_Report","5e78b41d-cf89-446c-baf2-f42aa09d8370"
"Steps_to_follow_after_receiving_Expense_Report","718b5644-dc1c-496f-9fca-ad56ddec2feb"
"Steps_to_follow_after_receiving_Expense_Report","ebb623ba-f12f-4ab3-b099-f38dae2d211b"
"Steps_to_follow_after_receiving_Expense_Report","41f503c0-1816-4fbb-86de-a120d31ba961"
"Steps_to_follow_after_receiving_Expense_Report","e7721043-27ad-46d5-a032-b013915a842d"
"Steps_to_follow_after_receiving_Expense_Report","fc3f3e8e-9026-4988-8f7e-7cd55ca7bd02"
"Steps_to_follow_after_receiving_Expense_Report","c5802c51-14d5-4392-be90-be1acfcfb8d9"
"Steps_to_follow_after_receiving_Expense_Report","8f307a06-3bbc-4fd2-b496-983b4277e735"
"Steps_to_follow_after_receiving_Expense_Report","9a439117-f356-42ab-b0a5-0b0fc1913966"
"Steps_to_follow_after_receiving_Expense_Report","80fbc256-3562-4841-a293-9d9d0fdc9b5a"
"Steps_to_follow_after_receiving_Expense_Report","48e2b7dc-6dc3-455f-9334-ba3f2890a191"
"Quince_Harvesting","2c52233f-712b-4f37-97e9-365bb6094c48"
"Quince_Harvesting","dbcac9fe-2017-4dcc-abe1-e9731fca5947"
"Quince_Harvesting","334e9ef1-9640-4758-84fb-883e44ce3881"
"Quince_Harvesting","dd7b7b1a-6645-43c6-85ee-47dc6edba3af"
"Quince_Harvesting","1477d551-7d28-4f1d-8f8c-0fabdab5b960"
"Quince_Harvesting","97f99598-c647-40cd-ae6f-fc920dd55cde"
"Quince_Harvesting","b543dff0-530d-4508-8ad0-a602f9c52caf"
"Quince_Harvesting","fd3e6d92-3625-48bc-a063-41ce9ba2f5e9"
"Quince_Harvesting","b5892d89-f7ee-43e4-9221-3bf8fde12803"
"Quince_Harvesting","c49f8a2c-7e79-4372-adf1-375cbd7a233b"
"Quince_Harvesting","03521a28-bb1e-4603-9fa8-2449a30fe1df"
"Quince_Harvesting","4df15168-6be8-4741-8d88-68106fd1eedf"
"Quince_Harvesting","565f80bd-c433-4cee-ae26-2d791ae5252c"
"Quince_Harvesting","e69f9319-4cd7-4074-b30c-073158920561"
"Quince_Harvesting","b95d0c93-db40-4c0b-870f-b4ca478329a5"
"Quince_Harvesting","22b9cfaa-b7b8-4c52-816f-634b4f2d110d"
"Quince_Harvesting","1126882d-6e9a-49c6-abb7-6715fab7fe4c"
"Quince_Harvesting","ca3672ba-6317-4c04-974c-5b800a4665e5"
"Quince_Harvesting","73ed1f87-ee25-45ed-8e1c-f3e6f6724f6b"
"Quince_Harvesting","a80f7ef1-c3a2-45eb-ad7c-8a4cba017223"
"Quince_Harvesting","396c5fda-4e6c-4ff7-9af5-6b159e0bf154"
"Quince_Harvesting","ec210cde-6bbd-4a44-8791-0904749e0218"
"Quince_Harvesting","3db92665-7acb-4840-be68-edf258ccacfd"
"Quince_Harvesting","1de94525-ab88-46e2-8e38-d51f4cfcf9ba"
"Quince_Harvesting","c1e498da-02f9-4c06-add1-ac7aac9a46d0"
"Quince_Harvesting","dcb07291-84b0-4309-8611-bc581a723ff2"
"Quince_Harvesting","eab313ad-482e-4447-b954-17f76cfa5427"
"Quince_Harvesting","0a08b104-b14d-475e-8851-7c664263ac3d"
"Quince_Harvesting","cb26871b-b15a-49e4-a23a-bdc62a918055"
"Quince_Harvesting","e6d5d1dc-51a7-45a3-ac07-a6b7ce5ec434"
"Quince_Harvesting","4f074d0c-3484-47dd-9266-d131eb5369ef"
"Quince_Harvesting","232e2360-b011-409e-8e5c-e0056cc7622b"
"Quince_Harvesting","8c997034-e806-42bf-9a45-655d8ff62424"
"Quince_Harvesting","ef6355f6-bc0c-4f23-b25d-9fdf7e343788"
"Quince_Harvesting","df8b37fd-eb66-4250-8e69-fd0f61b52077"
"Quince_Harvesting","f19b2e5e-8bec-4a1d-aa46-5508086f480d"
"Quince_Harvesting","cf61ee37-53e4-4d06-9fae-7a78194dab3d"
"Quince_Harvesting","fbbe928b-763a-456f-94a7-ce1b95f5f6ba"
"Quince_Harvesting","f4ae5c26-da21-4b14-9392-54db95904ee8"
"Quince_Harvesting","e36972aa-5cb3-45e4-bf2b-fa348d953b1e"
"Quince_Harvesting","0516037f-5a54-4e9b-a1a6-b6bf3a857db3"
"Quince_Harvesting","55b6a3b2-0c39-4349-8ae9-4dfcb084b7e2"
"Quince_Harvesting","75f3b60b-5b6d-4a01-87db-ddb46aa2cba5"
"Quince_Harvesting","78da0b69-5a91-49f2-a901-6cd5124deaaa"
"Quince_Harvesting","a2087f20-6b13-4f67-a447-a054b4da8e29"
"Quince_Harvesting","289864b0-5050-4963-a98c-602abbc19077"
"Quince_Harvesting","8707f9a0-edd8-4541-90b3-65f84ad0ee29"
"Quince_Harvesting","302ab050-416a-4ec8-bbc2-e9fed216df90"
"Quince_Harvesting","209f23e1-5f9a-4d09-ab48-de7cfd851511"
"Quince_Harvesting","602f602b-4700-486f-96ac-4563346378da"
"Meeting_Related_Activities","49f524c8-c46a-4adf-84b5-4c5599aafbd1"
"Meeting_Related_Activities","26eda3bb-1fd0-4942-afe2-011c84adadb8"
"Meeting_Related_Activities","dd21d32e-60cf-46c0-bedd-4afa7a20316c"
"Meeting_Related_Activities","11ac4a17-b8e1-4d6d-a20c-21a7902d3a1f"
"Meeting_Related_Activities","fbdb195a-6d1a-4ba8-9f1e-0726bebe717d"
"Meeting_Related_Activities","e13ecb85-7554-404d-baf3-8dbae473dd09"
"Meeting_Related_Activities","c5d78f7f-5790-4f22-89d5-df19a55681d7"
"Meeting_Related_Activities","5e079636-964c-4e9d-a79d-7eeb66909c7d"
"Meeting_Related_Activities","95549c92-1dd1-4bd7-b845-e01c6340e488"
"Meeting_Related_Activities","55640866-9586-42ae-bcfc-ef219809bdc5"
"Meeting_Related_Activities","b1643ac8-fc72-4338-8eb3-3e78b1381e33"
"Meeting_Related_Activities","6c170916-13f7-47ec-8b1c-fadff49a8745"
"Meeting_Related_Activities","0960e162-20b9-4fba-9d93-b29642377ad6"
"Meeting_Related_Activities","fb088cc5-28ae-4c7f-81c0-0df98035998b"
"Meeting_Related_Activities","41ef0349-cdfc-40d5-ade4-fe9fd77855f0"
"Meeting_Related_Activities","55762d93-65c1-49b0-b813-ea461b4750c4"
"Meeting_Related_Activities","74c544ed-31f3-4a89-9155-eb0c441bf443"
"Meeting_Related_Activities","11c701ad-7bec-4181-a354-26dd3994eb82"
"Meeting_Related_Activities","8ba9b3fe-24ec-4fb7-9e0f-b152a87fb048"
"Meeting_Related_Activities","07885914-99c8-4d40-a067-bc0fa191ffd5"
"Meeting_Related_Activities","20d4de86-76a3-48fb-9cd9-f33bcbcc2824"
"Meeting_Related_Activities","2a52e296-44b1-4f33-96d9-ea55da4f92a3"
"Meeting_Related_Activities","0c147042-c84f-47d1-85ab-38e1e4180442"
"Meeting_Related_Activities","a6817c93-340d-482b-989f-1b605bce6b3a"
"Meeting_Related_Activities","1377ada2-9895-4800-adb8-2cd3e82227f0"
"Meeting_Related_Activities","0026a11f-9951-4c0f-a3f4-232e41063a0e"
"Meeting_Related_Activities","b707217a-3f68-4712-b75d-1de39b5dfdf7"
"Meeting_Related_Activities","4b631a52-49fd-4908-a182-11e3595bf989"
"Meeting_Related_Activities","062a3b9b-c543-4d7e-b114-305b417a089b"
"Meeting_Related_Activities","3366268b-0136-48de-b259-4f8cf2bbaa73"
"Meeting_Related_Activities","f2ed91cc-2191-4bf3-b62a-b424abccbe4e"
"Meeting_Related_Activities","862e0a81-563a-41bd-aa31-272288f42d99"
"Meeting_Related_Activities","4d77ce04-bfab-4023-a407-2f02fa94e6ed"
"Meeting_Related_Activities","118cfd42-1990-4ffd-b322-eae26c34df02"
"Meeting_Related_Activities","7bfb805c-e1cc-4320-ab2a-a80482d493a1"
"Meeting_Related_Activities","5184a7a6-f024-4ee8-97d0-b821afc5a9b1"
"Meeting_Related_Activities","a981472f-a08f-4961-9528-c55a40fb18bf"
"Meeting_Related_Activities","05baeabe-dcf8-4d53-996b-992bf85faa06"
"Meeting_Related_Activities","44c7b22a-154b-4987-86ce-7176406d96be"
"Meeting_Related_Activities","176157da-34bf-4fd5-a856-539b8fde875e"
"Meeting_Related_Activities","474d084b-1692-4d7b-ac05-eb581a167b8a"
"Meeting_Related_Activities","39cf6761-f751-4728-8eb3-9e16afc60ed0"
"Meeting_Related_Activities","9e357ad8-dabb-4378-847a-e54246cbcbbf"
"Meeting_Related_Activities","48c5fd88-6729-4938-a94e-16a595263f7d"
"Meeting_Related_Activities","414b9f70-104c-4e8d-ba9b-600aaf06d9f1"
"Meeting_Related_Activities","1b54fc96-93f3-4954-a5b9-0d07edb4c880"
"Meeting_Related_Activities","6801e31b-9fdb-467f-bef8-965965b635c9"
"Meeting_Related_Activities","978e6ca9-3611-4cd1-88a5-9adcf2430965"
"Meeting_Related_Activities","d0dcb976-efcd-4022-aeef-bea916b2d3bd"
"Meeting_Related_Activities","7874c86a-99d4-47e5-9306-9dc101e0ce0a"
